customer_id,first_name,last_name,email,created_at
101,Customer101,Test,customer101@example.com,2025-01-01
102,Customer102,Test,customer102@example.com,2025-01-02
103,Customer103,Test,customer103@example.com,2025-01-03
104,Customer104,Test,customer104@example.com,2025-01-04
105,Customer105,Test,customer105@example.com,2025-01-05
106,Customer106,Test,customer106@example.com,2025-01-06
107,Customer107,Test,customer107@example.com,2025-01-07
108,Customer108,Test,customer108@example.com,2025-01-08
109,Customer109,Test,customer109@example.com,2025-01-09
110,Customer110,Test,customer110@example.com,2025-01-10
111,Customer111,Test,customer111@example.com,2025-01-11
112,Customer112,Test,customer112@example.com,2025-01-12
113,Customer113,Test,customer113@example.com,2025-01-13
114,Customer114,Test,customer114@example.com,2025-01-14
115,Customer115,Test,customer115@example.com,2025-01-15
116,Customer116,Test,customer116@example.com,2025-01-16
117,Customer117,Test,customer117@example.com,2025-01-17
118,Customer118,Test,customer118@example.com,2025-01-18
119,Customer119,Test,customer119@example.com,2025-01-19
120,Customer120,Test,customer120@example.com,2025-01-20
121,Customer121,Test,customer121@example.com,2025-01-21
122,Customer122,Test,customer122@example.com,2025-01-22
123,Customer123,Test,customer123@example.com,2025-01-23
124,Customer124,Test,customer124@example.com,2025-01-24
125,Customer125,Test,customer125@example.com,2025-01-25
126,Customer126,Test,customer126@example.com,2025-01-26
127,Customer127,Test,customer127@example.com,2025-01-27
128,Customer128,Test,customer128@example.com,2025-01-28
129,Customer129,Test,customer129@example.com,2025-01-29
130,Customer130,Test,customer130@example.com,2025-01-30
131,Customer131,Test,customer131@example.com,2025-01-31
132,Customer132,Test,customer132@example.com,2025-02-01
133,Customer133,Test,customer133@example.com,2025-02-02
134,Customer134,Test,customer134@example.com,2025-02-03
135,Customer135,Test,customer135@example.com,2025-02-04
136,Customer136,Test,customer136@example.com,2025-02-05
137,Customer137,Test,customer137@example.com,2025-02-06
138,Customer138,Test,customer138@example.com,2025-02-07
139,Customer139,Test,customer139@example.com,2025-02-08
140,Customer140,Test,customer140@example.com,2025-02-09
141,Customer141,Test,customer141@example.com,2025-02-10
142,Customer142,Test,customer142@example.com,2025-02-11
143,Customer143,Test,customer143@example.com,2025-02-12
144,Customer144,Test,customer144@example.com,2025-02-13
145,Customer145,Test,customer145@example.com,2025-02-14
146,Customer146,Test,customer146@example.com,2025-02-15
147,Customer147,Test,customer147@example.com,2025-02-16
148,Customer148,Test,customer148@example.com,2025-02-17
149,Customer149,Test,customer149@example.com,2025-02-18
150,Customer150,Test,customer150@example.com,2025-02-19